1;osmith11;Olivier;Smith;23
2;amemurp99;Amelia;Murphy;42
3;jackiejo;Jack;Jones;13
4;emmabrownie;Emma;Brown;12
5;hwill;Harry;Williams;18
6;oliwils;Olivia;Wilson;17
7;jt1998;Jacob;Taylor;22
8;emiand;Emily;Anderson;25
9;jammill;James;Miller;29
10;susisme;Susan;Johnson;31
11;jodave;John;Davies;19
12;sarahevans;Sarah;Evans;18
13;wangisme;Robert;Wang;24
14;marygarcia123;Mary;Garcia;28
15;michrod1111;Michael;Rodriguez;26
16;lindmurp;Linda;Murphy;33
17;davidbyrne987;David;Byrne;39
18;jesswhite;Jessica;White;45
19;rich1ee;Richard;Lee;21
20;patrob77;Patricia;Roberts;20
21;Swood2002;Sarah;Wood;18
22;JHandy99;Jacob;Henderson;16
23;MelRog;Melissa;Rogers;12
24;MikelAll;Michael;Allen;19
25;OliBrown11;Olivier;Brown;17
26;AmandaSm1t;Amanda;Smith;14
27;HJo1234;Henry;Johnson;32
28;SDavis999;Sharon;Davis;38
29;EriMiller987;Eric;Miller;43
30;LaWi1s0n;Laura;Wilson;19
